id	url	source	notes
001	https://job-boards.greenhouse.io/anthropic/jobs/5183044008	portal-scanner	Unknown — 
002	https://job-boards.greenhouse.io/anthropic/jobs/5030244008	portal-scanner	Unknown — 
003	https://job-boards.greenhouse.io/anthropic/jobs/5183051008	portal-scanner	Unknown — 
004	https://job-boards.greenhouse.io/anthropic/jobs/5014500008	portal-scanner	Unknown — 
005	https://job-boards.greenhouse.io/anthropic/jobs/5055488008	portal-scanner	Unknown — 
006	https://job-boards.greenhouse.io/anthropic/jobs/5116274008	portal-scanner	Unknown — 
007	https://job-boards.greenhouse.io/anthropic/jobs/5068226008	portal-scanner	Unknown — 
008	https://job-boards.greenhouse.io/anthropic/jobs/5127289008	portal-scanner	Unknown — 
009	https://job-boards.greenhouse.io/anthropic/jobs/5159608008	portal-scanner	Unknown — 
010	https://job-boards.greenhouse.io/anthropic/jobs/5104754008	portal-scanner	Unknown — 
011	https://job-boards.greenhouse.io/anthropic/jobs/5163917008	portal-scanner	Unknown — 
012	https://job-boards.greenhouse.io/anthropic/jobs/5149112008	portal-scanner	Unknown — 
013	https://job-boards.greenhouse.io/anthropic/jobs/5115678008	portal-scanner	Unknown — 
014	https://job-boards.eu.greenhouse.io/polyai/jobs/4802138101	portal-scanner	Unknown — 
015	https://job-boards.eu.greenhouse.io/polyai/jobs/4831089101	portal-scanner	Unknown — 
016	https://job-boards.eu.greenhouse.io/polyai/jobs/4822441101	portal-scanner	Unknown — 
017	https://job-boards.eu.greenhouse.io/parloa/jobs/4694431101	portal-scanner	Unknown — 
018	https://job-boards.eu.greenhouse.io/parloa/jobs/4694390101	portal-scanner	Unknown — 
019	https://job-boards.eu.greenhouse.io/parloa/jobs/4799672101	portal-scanner	Unknown — 
020	https://job-boards.eu.greenhouse.io/parloa/jobs/4825141101	portal-scanner	Unknown — 
021	https://job-boards.eu.greenhouse.io/parloa/jobs/4566280101	portal-scanner	Unknown — 
022	https://job-boards.eu.greenhouse.io/parloa/jobs/4823910101	portal-scanner	Unknown — 
023	https://job-boards.eu.greenhouse.io/parloa/jobs/4782800101	portal-scanner	Unknown — 
024	https://job-boards.eu.greenhouse.io/parloa/jobs/4751509101	portal-scanner	Unknown — 
025	https://job-boards.eu.greenhouse.io/parloa/jobs/4747267101	portal-scanner	Unknown — 
026	https://job-boards.eu.greenhouse.io/parloa/jobs/4604587101	portal-scanner	Unknown — 
027	https://job-boards.eu.greenhouse.io/parloa/jobs/4786707101	portal-scanner	Unknown — 
028	https://job-boards.eu.greenhouse.io/parloa/jobs/4703519101	portal-scanner	Unknown — 
029	https://job-boards.greenhouse.io/intercom/jobs/7583124	portal-scanner	Unknown — 
030	https://job-boards.greenhouse.io/intercom/jobs/7603334	portal-scanner	Unknown — 
031	https://job-boards.greenhouse.io/intercom/jobs/7609852	portal-scanner	Unknown — 
032	https://job-boards.greenhouse.io/intercom/jobs/7776426	portal-scanner	Unknown — 
033	https://job-boards.greenhouse.io/intercom/jobs/7765466	portal-scanner	Unknown — 
034	https://job-boards.greenhouse.io/intercom/jobs/7749413	portal-scanner	Unknown — 
035	https://job-boards.greenhouse.io/intercom/jobs/7556413	portal-scanner	Unknown — 
036	https://job-boards.greenhouse.io/intercom/jobs/7524848	portal-scanner	Unknown — 
037	https://job-boards.greenhouse.io/intercom/jobs/7725837	portal-scanner	Unknown — 
038	https://job-boards.greenhouse.io/intercom/jobs/7681157	portal-scanner	Unknown — 
039	https://job-boards.greenhouse.io/intercom/jobs/7776018	portal-scanner	Unknown — 
040	https://job-boards.greenhouse.io/intercom/jobs/7774407	portal-scanner	Unknown — 
041	https://job-boards.greenhouse.io/intercom/jobs/7544457	portal-scanner	Unknown — 
042	https://job-boards.greenhouse.io/intercom/jobs/7735288	portal-scanner	Unknown — 
043	https://job-boards.greenhouse.io/intercom/jobs/7464294	portal-scanner	Unknown — 
044	https://job-boards.greenhouse.io/intercom/jobs/7377200	portal-scanner	Unknown — 
045	https://job-boards.greenhouse.io/intercom/jobs/7464291	portal-scanner	Unknown — 
046	https://job-boards.greenhouse.io/intercom/jobs/7314809	portal-scanner	Unknown — 
047	https://job-boards.greenhouse.io/humeai/jobs/4775962008	portal-scanner	Unknown — 
048	https://job-boards.greenhouse.io/humeai/jobs/4856037008	portal-scanner	Unknown — 
049	https://job-boards.greenhouse.io/humeai/jobs/5064248008	portal-scanner	Unknown — 
050	https://job-boards.greenhouse.io/humeai/jobs/4003488008	portal-scanner	Unknown — 
051	https://retool.com/careers/gtm-engineer--business-operations--san-francisco-united-states	portal-scanner	Unknown — 
052	https://retool.com/careers/software-engineer-ai-product-engineer---engineering--san-francisco-united-states	portal-scanner	Unknown — 
053	https://retool.com/careers/engineering-manager-ai--engineering--san-francisco-united-states	portal-scanner	Unknown — 
054	https://retool.com/careers/product-manager-resources--product--san-francisco-united-states	portal-scanner	Unknown — 
055	https://retool.com/careers/product-manager-apps--product--san-francisco-united-states	portal-scanner	Unknown — 
056	https://retool.com/careers/product-manager-automation--product--san-francisco-united-states	portal-scanner	Unknown — 
057	https://retool.com/careers/director-of-product-automation---product--san-francisco-united-states	portal-scanner	Unknown — 
058	https://job-boards.greenhouse.io/airtable/jobs/8409168002	portal-scanner	Unknown — 
059	https://job-boards.greenhouse.io/airtable/jobs/8477376002	portal-scanner	Unknown — 
060	https://job-boards.greenhouse.io/airtable/jobs/8199012002	portal-scanner	Unknown — 
061	https://job-boards.greenhouse.io/airtable/jobs/8475571002	portal-scanner	Unknown — 
062	https://job-boards.greenhouse.io/airtable/jobs/8245333002	portal-scanner	Unknown — 
063	https://job-boards.greenhouse.io/airtable/jobs/8382158002	portal-scanner	Unknown — 
064	https://job-boards.greenhouse.io/airtable/jobs/8350839002	portal-scanner	Unknown — 
065	https://job-boards.greenhouse.io/airtable/jobs/8461582002	portal-scanner	Unknown — 
066	https://job-boards.greenhouse.io/airtable/jobs/8487502002	portal-scanner	Unknown — 
067	https://job-boards.greenhouse.io/airtable/jobs/8341413002	portal-scanner	Unknown — 
068	https://job-boards.greenhouse.io/vercel/jobs/5843010004	portal-scanner	Unknown — 
069	https://job-boards.greenhouse.io/vercel/jobs/5829980004	portal-scanner	Unknown — 
070	https://job-boards.greenhouse.io/vercel/jobs/5778418004	portal-scanner	Unknown — 
071	https://job-boards.greenhouse.io/vercel/jobs/5872425004	portal-scanner	Unknown — 
072	https://job-boards.greenhouse.io/vercel/jobs/5752684004	portal-scanner	Unknown — 
073	https://job-boards.greenhouse.io/vercel/jobs/5777645004	portal-scanner	Unknown — 
074	https://job-boards.greenhouse.io/vercel/jobs/5806456004	portal-scanner	Unknown — 
075	https://job-boards.greenhouse.io/vercel/jobs/5553789004	portal-scanner	Unknown — 
076	https://job-boards.greenhouse.io/vercel/jobs/5704320004	portal-scanner	Unknown — 
077	https://job-boards.greenhouse.io/vercel/jobs/5798406004	portal-scanner	Unknown — 
078	https://job-boards.greenhouse.io/vercel/jobs/5474915004	portal-scanner	Unknown — 
079	https://job-boards.greenhouse.io/vercel/jobs/5813134004	portal-scanner	Unknown — 
080	https://job-boards.greenhouse.io/vercel/jobs/5804110004	portal-scanner	Unknown — 
081	https://job-boards.greenhouse.io/vercel/jobs/5796302004	portal-scanner	Unknown — 
082	https://job-boards.greenhouse.io/vercel/jobs/5806749004	portal-scanner	Unknown — 
083	https://job-boards.greenhouse.io/arizeai/jobs/5661972004	portal-scanner	Unknown — 
084	https://job-boards.greenhouse.io/arizeai/jobs/5818115004	portal-scanner	Unknown — 
085	https://job-boards.greenhouse.io/arizeai/jobs/5797408004	portal-scanner	Unknown — 
086	https://job-boards.greenhouse.io/arizeai/jobs/5781408004	portal-scanner	Unknown — 
087	https://job-boards.greenhouse.io/arizeai/jobs/5396396004	portal-scanner	Unknown — 
088	https://job-boards.greenhouse.io/arizeai/jobs/5396420004	portal-scanner	Unknown — 
089	https://job-boards.greenhouse.io/runpod/jobs/5173070008	portal-scanner	Unknown — 
090	https://job-boards.greenhouse.io/runpod/jobs/5112001008	portal-scanner	Unknown — 
091	https://job-boards.greenhouse.io/gleanwork/jobs/4621972005	portal-scanner	Unknown — 
092	https://job-boards.greenhouse.io/gleanwork/jobs/4661912005	portal-scanner	Unknown — 
093	https://job-boards.greenhouse.io/gleanwork/jobs/4661913005	portal-scanner	Unknown — 
094	https://job-boards.greenhouse.io/gleanwork/jobs/4661934005	portal-scanner	Unknown — 
095	https://job-boards.greenhouse.io/gleanwork/jobs/4661933005	portal-scanner	Unknown — 
096	https://job-boards.greenhouse.io/gleanwork/jobs/4613925005	portal-scanner	Unknown — 
097	https://job-boards.greenhouse.io/gleanwork/jobs/4586837005	portal-scanner	Unknown — 
098	https://job-boards.greenhouse.io/gleanwork/jobs/4673911005	portal-scanner	Unknown — 
099	https://job-boards.greenhouse.io/gleanwork/jobs/4661898005	portal-scanner	Unknown — 
100	https://job-boards.greenhouse.io/gleanwork/jobs/4661899005	portal-scanner	Unknown — 
101	https://job-boards.greenhouse.io/gleanwork/jobs/4659409005	portal-scanner	Unknown — 
102	https://job-boards.greenhouse.io/gleanwork/jobs/4651950005	portal-scanner	Unknown — 
103	https://job-boards.greenhouse.io/gleanwork/jobs/4659407005	portal-scanner	Unknown — 
104	https://job-boards.greenhouse.io/gleanwork/jobs/4651990005	portal-scanner	Unknown — 
105	https://job-boards.greenhouse.io/gleanwork/jobs/4651991005	portal-scanner	Unknown — 
106	https://job-boards.greenhouse.io/gleanwork/jobs/4659412005	portal-scanner	Unknown — 
107	https://job-boards.greenhouse.io/gleanwork/jobs/4605215005	portal-scanner	Unknown — 
108	https://job-boards.greenhouse.io/gleanwork/jobs/4669417005	portal-scanner	Unknown — 
109	https://job-boards.greenhouse.io/gleanwork/jobs/4675077005	portal-scanner	Unknown — 
110	https://job-boards.greenhouse.io/gleanwork/jobs/4667085005	portal-scanner	Unknown — 
111	https://zapier.com/l/jobs/ai-at-zapier	portal-scanner	Unknown — 
112	https://jobs.lever.co/palantir?location=Dubai%2C%20United%20Arab%20Emirates	portal-scanner	Unknown — 
